"","GA","Main_Index","IFNg_10th","IFNg_50th","IFNg_95th","IL10_10th","IL10_50th","IL10_95th","IL12p70_10th","IL12p70_50th","IL12p70_95th","IL13_10th","IL13_50th","IL13_95th","IL1b_10th","IL1b_50th","IL1b_95th","IL2_10th","IL2_50th","IL2_95th","IL4_10th","IL4_50th","IL4_95th","IL6_10th","IL6_50th","IL6_95th","IL8_10th","IL8_50th","IL8_95th","TNFa_10th","TNFa_50th","TNFa_95th","GMCSF_10th","GMCSF_50th","GMCSF_95th","IL12_IL23p40_10th","IL12_IL23p40_50th","IL12_IL23p40_95th","IL15_10th","IL15_50th","IL15_95th","IL16_10th","IL16_50th","IL16_95th","IL17A_10th","IL17A_50th","IL17A_95th","IL1a_10th","IL1a_50th","IL1a_95th","IL5_10th","IL5_50th","IL5_95th","IL7_10th","IL7_50th","IL7_95th","TNFb_10th","TNFb_50th","TNFb_95th","VEGF_10th","VEGF_50th","VEGF_95th","IL8.1_10th","IL8.1_50th","IL8.1_95th","IP10_10th","IP10_50th","IP10_95th","MCP1_10th","MCP1_50th","MCP1_95th","MIP1a_10th","MIP1a_50th","MIP1a_95th","MIP1b_10th","MIP1b_50th","MIP1b_95th","TARC_10th","TARC_50th","TARC_95th","bDefensin2_10th","bDefensin2_50th","bDefensin2_95th","SLPI_10th","SLPI_50th","SLPI_95th"
"1",10,0,0.0318802303547313,0.782513900107444,3.84830219641933,0.288101248778329,0.626259951024229,1.22492209029698,0.195600818307173,0.578261991561712,1.33888388881115,11.4547697183294,20.1403295738173,44.8067680157481,54.6337472047422,102.86671030665,295.80692793894,0.645717779664766,1.24234277235195,2.28099101021579,0.0542098475669222,0.123361248797267,0.28811344969685,2.66446155019246,10.9095688240775,40.6829527120838,1823.84655207459,3025.51839906712,7025.10086520108,1.01055868069874,2.53562794165395,6.01761648499826,0.337536010822808,0.619718099645574,1.23679138975793,0.472439973656866,1.34394979107627,2.86642650369526,0.0096563995217035,0.0417481684849094,0.461820974317497,15.6694931853998,38.6785700147116,118.397605895885,0.516710283770241,1.41741080610084,3.72430862055586,506.708913557283,1143.06288938214,1495.58790243441,0.0611457668010909,0.226040735837179,0.818042520427764,0.0113285867697632,0.0541541759412521,0.294564890319142,0.0045566100323904,0.0145891070494233,0.375398817507576,712.957295084044,1314.0515366555,5044.33212298689,4743.82418819828,8441.16345777558,15866.8140480681,50.3839643613533,117.482238642871,241.972026510782,8.20648070670265,15.6208228556987,28.9190707541784,0.805389836717387,4.48024350350684,23.9567103291015,6.01266352597173,12.5072566568852,40.9234840475196,0.779739221637336,1.65884333519216,5.30373372059683,0.268435234300956,0.627269239369298,1.40318740648741,3264.06675874582,8880.32672631456,21693.5966826722
"2",11,0,0.0308931221105277,0.786656734414261,3.88352805957843,0.274373910989098,0.628783083494364,1.26697579591492,0.186720356209434,0.582069698528762,1.37035047488626,11.1063922863435,20.1546128033124,45.4627888440036,52.2468451953495,101.510431963329,295.537087246597,0.615360697383297,1.23151214979414,2.31869614059445,0.0528595475729739,0.124949254070131,0.298718130307782,2.50736749906501,10.8862666832762,41.3826222785251,1760.88557995696,3012.54084420928,7026.26792577214,0.988848601814485,2.547894728179,6.17216176676186,0.327569417280149,0.616691775858453,1.25801033389446,0.433398263030842,1.32337295301831,2.91551550960525,0.0087459276771311,0.0408239578021473,0.470977440834471,15.5822779626256,39.1569650100874,123.042891697382,0.478375782031712,1.41750833825918,3.8760697062454,488.696323024173,1130.6090440141,1510.3550262913,0.0559278302601033,0.227366542910178,0.820108013338769,0.010379451495588,0.055382631939506,0.309205097368352,0.00421514124314979,0.0145761728938013,0.370766036738207,709.375835792839,1327.83585721792,4947.47734076815,4615.48393460911,8524.86859856723,16359.4656294591,49.804093667049,119.465125420385,254.421373290386,8.05604911295586,15.711796064712,30.1138595644568,0.737541554501167,4.48019684780204,25.0267179764561,5.83901051362347,12.5660960953397,42.7906377294872,0.779648573081542,1.67581014004741,5.31744753352393,0.245665359977372,0.604237291149116,1.41044834291014,3197.01898497161,8963.47032176734,22856.8043243676
"3",12,0,0.0299365777196881,0.790821501975032,3.91907636660289,0.261300648125188,0.631316381387742,1.31047327838219,0.178243075487683,0.585902478270019,1.40255659188522,10.768610164268,20.1689061622667,46.1284145454995,49.9642249073093,100.172035896392,295.267492708053,0.586430790368898,1.22077594754254,2.35702454254695,0.0515428818752926,0.126557701424859,0.30971314066895,2.3595355597882,10.8630143143563,42.0943248334683,1700.0980823597,2999.61895483017,7027.43518022373,0.967604925855819,2.5602208586043,6.33067610241498,0.317897112298294,0.613680230783894,1.27959331969073,0.397582899144294,1.30311116115277,2.96544518960828,0.00792130138792288,0.0399202070681,0.480315451464291,15.4955481732343,39.6412770228584,127.870433550548,0.442885299600906,1.41760587712873,4.03401487319034,471.32404768788,1118.29088520003,1525.26795765748,0.051155171669989,0.228700126300079,0.822178721456635,0.00950983697603058,0.0566389547479074,0.324572939208699,0.00389926185769765,0.014563250205117,0.366190428918394,705.81236755207,1341.76477446324,4852.48223959537,4490.61582080377,8609.40378495981,16867.4136389743,49.2308967235378,121.481479724718,267.511233097358,7.90837505501596,15.8032990873487,31.3580109670986,0.675409000482431,4.48015019258311,26.1445166748218,5.67037281080772,12.6252123394609,44.7429811980338,0.779557935064094,1.69295048297036,5.33119680612434,0.224826927992429,0.582051025461286,1.41774685178932,3131.34845140121,9047.39236351809,24082.3829982848
"4",13,0,0.0290096508329768,0.79500831891017,3.95495006901858,0.248850295075454,0.633859885659735,1.35546410506889,0.170150671326229,0.589760495883273,1.43551962033944,10.4411011136861,20.1832096578637,46.8037857462434,47.7813303607926,98.8512863313702,294.998144098762,0.558860962936149,1.21013334245018,2.39598651884779,0.0502590126853199,0.128186854008378,0.321112847767868,2.22041964729187,10.8398116110082,42.8182673214757,1641.40902881026,2986.75249216019,7028.60262858808,0.946817632974813,2.57260662002204,6.49326142576366,0.308510406272651,0.610683392251714,1.30154659280764,0.364727261679711,1.28315959189579,3.01622994067404,0.00717442654395373,0.0390364633454563,0.489838605659307,15.40930111534,40.131579237517,132.887382203429,0.410027839974519,1.41770342270993,4.19839611524535,454.5693254948,1106.10693461416,1540.328136206,0.0467897927814447,0.230041531617671,0.824254657949348,0.00871308077783496,0.0579237765088437,0.34070458010941,0.00360705422614362,0.0145503389732043,0.36167128847921,702.266799985756,1355.83980520187,4759.31111226325,4369.12591090213,8694.77724793763,17391.1330181795,48.6642967224034,123.531866426926,281.274560025234,7.76340798496586,15.8953350091598,32.6535643731727,0.618510665804057,4.48010353785002,27.3122409739493,5.50660556930466,12.6846066914601,46.784401278228,0.779467307583764,1.71026613892459,5.34498163008578,0.205756104788924,0.560679390701374,1.42508312754748,3067.02686789951,9132.10013990496,25373.6770305103
"5",14,0,0.0281114244029896,0.79921730195486,3.99115214536849,0.236993171672012,0.636413637430719,1.40199954507915,0.162425669965322,0.593643917553442,1.46925734925933,10.1235526965172,20.1975232972923,47.4890451311638,45.6938046228595,97.5479506024344,294.729041194384,0.532587273764138,1.1995835185462,2.43559254257785,0.0490071230827702,0.129836978355058,0.332932147402189,2.08950587314832,10.8166584671496,43.5546602461635,1584.74597896158,2973.94121845393,7029.7702708974,0.926476918582377,2.58505230091328,6.66002228849246,0.2994008661809,0.607701188444164,1.32387650605945,0.334586763411324,1.2635134955161,3.06788440632762,0.00649797220354028,0.0381722837239201,0.499550574237757,15.3235341020954,40.6279457437361,138.101168960998,0.379608060384187,1.41780097500325,4.36947569471085,438.410203541394,1094.05573003725,1555.53701582489,0.0427969379646304,0.231390804741264,0.826335836018145,0.00798307866185581,0.0592377437044853,0.357637981744655,0.00333674440577913,0.014537439187906,0.357207918559123,698.73904317191,1370.06248215544,4667.92893717036,4250.92281038184,8780.99730010594,17931.1134551866,48.1042177392201,125.616859932065,295.746003640138,7.6210982814737,15.9879069336662,34.0026434518335,0.566405605255669,4.48005688360278,28.5321207615767,5.34756812428665,12.7442804596745,48.9189621334048,0.77937669063933,1.7277589010282,5.35880209733306,0.188302953902997,0.54009247541163,1.43245736561317,3004.02652544409,9217.60100750442,26734.2100694312
"6",15,0,0.0272410097768801,0.803448568462312,4.02768560146003,0.225701011936231,0.638977677986741,1.45013262767459,0.155051390970427,0.597552910559727,1.50378798573447,9.81566197695581,20.2118470877463,48.1843374742549,43.6974811112693,96.2617991114115,294.460183770781,0.507548787600548,1.18912566697328,2.47585325993969,0.0477864164958277,0.131508344430312,0.345186483643786,1.96631064728974,10.7935547769245,44.3037177314105,1530.03899317847,2961.18489698572,7030.9381071839,0.9065731887238,2.59755819115469,6.83106592739714,0.290560308006763,0.604733547894207,1.34658952125212,0.306937029424398,1.2441681950042,3.12042348087192,0.00588529863666472,0.0373272350982344,0.509455100798732,15.238244461608,41.1304515475652,143.519516692699,0.351445110452988,1.41789853400915,4.54752656075977,422.825509310362,1082.13582518121,1570.89606475759,0.0391448174969213,0.23274799181826,0.82842226889759,0.00731423781626102,0.0605815174820744,0.375412992526594,0.00308669139177366,0.014524550839074,0.352799630896539,695.229007640258,1384.43435412375,4578.30136515504,4135.91759732406,8868.07233650029,18487.859842523,47.550584723379,127.737044340104,310.961996212048,7.48139723280779,16.0810179824628,35.4074596114352,0.518690020079095,4.48001022984138,29.8064855216267,5.19312387349684,12.8042349585966,51.1509133563104,0.779286084229565,1.74543058073946,5.37265830002869,0.172330257150663,0.520261466417313,1.43986976242624,2942.32028418844,9303.90239177017,28167.6947009719
"7",16,0,0.0263975458171788,0.807702236407037,4.06455347061462,0.214946896695988,0.641552048780185,1.49991820270362,0.148011911214507,0.601487643282821,1.53913016475931,9.51713523247651,20.2261810364246,48.8898096691628,41.7883752782206,94.9926052873376,294.191571604021,0.483687433937577,1.17875898592565,2.5167794931192,0.0465961161942917,0.133201225674763,0.357891869019251,1.85037889164647,10.7705004347031,45.0656575836196,1477.22054621054,2948.48329204533,7032.10613747981,0.887097055553643,2.61012458202531,7.0065023333441,0.281980789387479,0.60178039948381,1.36969221105326,0.281572226801023,1.22511908495898,3.1738623136823,0.00533039215277907,0.0365008939511197,0.519556003165193,15.153429536857,41.6391725827642,149.150451271871,0.325371557011485,1.41799609972809,4.73283278491472,407.794822929313,1070.34578951544,1586.40676574468,0.0358043544641831,0.234113139266732,0.830513969855666,0.00670143400796533,0.0619557739865942,0.394071441378383,0.00285537715491424,0.014511673916569,0.348445745723672,691.736604369968,1398.95698615341,4490.3947065841,4024.02375551917,8956.01083540395,19061.892749215,47.0033234880311,129.893013609558,326.960844434073,7.34425702016282,16.1746712953247,36.8703156244699,0.474994128647811,4.47996357656582,31.137768782591,5.04314015991715,12.8644715089027,53.4846984294077,0.779195488353245,1.76328300804439,5.38655033057346,0.157712435806569,0.501158608500148,1.44732051544301,2881.88156177048,9391.01178767802,29678.0425793985
"8",17,0,0.0255801980498339,0.811978424388133,4.10175881391949,0.204705189413549,0.64413679143044,1.55141300310533,0.141292030495551,0.60544828521216,1.57530295928983,9.22768767362714,20.2405251505313,49.60561076022,39.9626766574205,93.7401455465441,293.923204470377,0.46094787233192,1.16848268058762,2.55838224319467,0.0454354647953462,0.134915899048986,0.371064905433177,1.74128235910748,10.7474953350811,45.8407013550507,1426.22544384529,2935.83616893355,7033.27436181737,0.868039332907842,2.6227517662133,7.18644432200081,0.273654602478378,0.598841672442236,1.39319126089405,0.258303532338104,1.20636163049134,3.22821631357486,0.00482780607349278,0.035692846141018,0.529857174855599,15.0690866856102,42.154185722278,155.002313463996,0.301232388681189,1.41809367216054,4.92569001427037,393.298450415595,1058.68420809521,1602.07061616698,0.0327489532604843,0.235486293777012,0.832610952193859,0.00613997232401604,0.0633612047009838,0.413657236167808,0.0026413974259089,0.014498808410261,0.34414559166172,688.261744787397,1413.6319597083,4404.17591868937,3915.15710938229,9044.82135917344,19653.7489075312,46.4623607001462,132.085371723884,343.782825860635,7.20963070129183,16.2688700303122,38.3936094022682,0.434979300769057,4.47991692377608,32.5285127646,4.89748815782501,12.924991437482,55.9249635711886,0.779104903009145,1.7813180316463,5.4004782816071,0.144334563293173,0.482757165552491,1.45480982314157,2822.68432186111,9478.93676037676,31269.3751013354
"9",18,0,0.0247881578386312,0.816277251632593,4.13930472048192,0.194951475071095,0.646731947724578,1.60467570955927,0.13487723871509,0.609435006953225,1.61232589053661,8.94704317234472,20.2548794372756,50.3318919739331,38.2167412586121,92.5041992532719,293.655082146323,0.439277364056443,1.15829596307259,2.60067269309389,0.0443037237816409,0.136652645078812,0.384722805861584,1.63861805159319,10.7245393728797,46.6290744082418,1376.99074243839,2923.24329395791,7034.4427802288,0.84939103197094,2.6354400378228,7.37100760638272,0.26557426702815,0.59591729634435,1.41709347090394,0.236957726890768,1.18789136614458,3.28350115324946,0.00437260727076187,0.0349026866945351,0.540362586584708,14.9852132803419,42.6755687898529,161.083771281367,0.278884094307519,1.41819125130696,5.12640594318398,379.317397872216,1047.14968139184,1617.88912819018,0.0299542878431241,0.236867502313286,0.834713229247235,0.00562555120215667,0.0647985167940706,0.434216467033168,0.00244345317030728,0.0144859543100289,0.339898505617339,684.804340763836,1428.46087284172,4319.61259314745,3809.23576062961,9134.51255507222,20263.9817148373,45.9276238706863,134.314732860681,361.470290307359,7.07747219443819,16.3636173638778,39.9798379256519,0.39833543340033,4.47987027147218,33.9813732340491,4.75604276214094,12.9857960774661,58.4765669861029,0.779014328196042,1.79953751915721,5.41444224600886,0.132091461618039,0.465031383157826,1.46233788502707,2764.70306294811,9567.68494584519,32946.034652122
"10",19,0,0.0240206415851765,0.820598837998629,4.17719430768564,0.185662501968209,0.649337559618025,1.65976701735477,0.128753684546845,0.613447980234891,1.65021893849968,8.67493399853389,20.2692439038718,51.0688067509328,36.5470842943777,91.2845486808025,293.387204408541,0.418625649785897,1.14819805236271,2.64366221060016,0.0432001730313757,0.138411747901228,0.398883416843808,1.54200673139728,10.7016324431444,47.431005981539,1329.45567122186,2910.7044344283,7035.61139274635,0.831143357036398,2.64818969238073,7.56031087126341,0.257732523658585,0.593007201108927,1.44140575787841,0.21737590587706,1.16970389483137,3.33973277380891,0.00396032774582575,0.0341300196034783,0.551076287794143,14.901806708151,43.2034005717961,167.403832822502,0.258193809763398,1.41828883716781,5.33530080418689,365.833346601062,1035.7408251247,1633.86382891075,0.0273981080571326,0.2382568121152,0.836820814384533,0.00515422947499327,0.066268433476396,0.455797514844584,0.00226034270228392,0.0144731116057603,0.33570383268039,681.364304613289,1443.44534037047,4236.67294389794,3706.18002666789,9225.09315611259,20893.1617510343,45.3990413448923,136.581721563751,380.067766467935,6.94773626256201,16.458916490973,41.6316013379811,0.364778547442816,4.47982361965409,35.4991245750533,4.61868248097179,13.0468867682581,61.1445885365198,0.77892376391271,1.81794335729123,5.42844231689817,0.120886874455353,0.447956452545223,1.46990490163699,2707.91280735032,9657.26405155532,34712.5964551964
"11",20,0,0.0232768899536495,0.824943303979014,4.21543072144971,0.176816126292579,0.65195366923524,1.71674970555602,0.122908145527847,0.617487377916822,1.68900255275109,8.411100564657,20.2836185575393,51.8165107783912,34.9503732247017,90.080978973104,293.119571033914,0.398944833032979,1.13818817424895,2.68736235140799,0.0421241103600904,0.140193495310861,0.413565241802263,1.45109152029824,10.6787744411449,48.2467292557527,1283.56155729423,2898.21935865273,7036.78019940226,0.813287701357985,2.66100102684373,7.75447584949568,0.25012232734274,0.590111316996979,1.46613515728059,0.199412296344548,1.15179488678693,3.39692738935547,0.00358692077361535,0.0333744576263867,0.5620024082133,14.8188643706796,43.7377608288816,173.971859615295,0.239038528051116,1.41838642974354,5.55270787889996,352.82862910079,1024.45627009514,1649.99626050339,0.0250600624872684,0.23965427069948,0.838933721008249,0.00472239617527696,0.0677716943641119,0.478451165055952,0.00209095438940851,0.014460280287352,0.331560926022955,677.941549090231,1458.58699405069,4155.32579519547,3605.91238065078,9316.57198190611,21541.8773120614,44.8765422926819,138.886972918061,399.622074016366,6.8203784978559,16.5547706251565,43.3516072073053,0.334048586987644,4.47977696832182,37.0846650874148,4.48528933125762,13.1082648555624,63.9343398559769,0.778833210157926,1.83653745205997,5.44247858763523,0.110632710370346,0.43150847586731,1.47751107454654,2652.28909045757,9747.68185714168,36573.8810568423
"12",21,0,0.0225561671195606,0.829310770704441,4.25401713648972,0.168391259331765,0.654580318870397,1.77568870854161,0.117327999507449,0.62155337399692,1.72869766347082,8.15529117809194,20.2980034055025,52.575162022913,33.4234211054112,88.8932781069808,292.85218179953,0.380189269064404,1.12826556127176,2.73178486222926,0.0410748510738677,0.14199817880706,0.428787465220539,1.36553658126605,10.6559652623748,49.0764814219607,1239.25175320017,2885.787835933,7037.94920022879,0.795815643090305,2.67387433960504,7.95362740029273,0.242736841075683,0.58722957461008,1.49128882527712,0.182933171792718,1.13416007853832,3.45510149166611,0.00324872118216841,0.0326356220944556,0.573145159451198,14.7363836840322,44.2787303084027,180.797580483685,0.221304368006363,1.41848402903464,5.77897402976825,340.286205917953,1013.29466202213,1666.28798036992,0.0229215364271222,0.24105992586155,0.841051962554714,0.00432674287096998,0.0693090558511326,0.502230727215467,0.001934259904115,0.0144474603447099,0.32746914679959,674.535987387413,1473.88748275553,4075.5405698913,3508.35739315686,9408.95793952225,22210.7349599652,44.3600566991586,141.231132727659,420.182441476828,6.69535530654433,16.6511829987018,45.1426749646048,0.305907403959753,4.47973031747537,38.7410225212197,4.35574873743226,13.169931691414,66.8513749238522,0.778742666930465,1.85532172896991,5.45655115182162,0.10124835023681,0.415664432753162,1.48515660637397,2597.80795019157,9838.94621507696,38534.9674803657
"13",22,0,0.0218577600417695,0.833701359946901,4.29295675658137,0.160367817200212,0.65721755098807,1.83665119000034,0.112001197392576,0.625646143618817,1.76932569274209,7.90726180102169,20.3123984549912,53.3449207639098,31.9631802272172,87.7212368547236,292.585036482679,0.362315459039363,1.11842945266223,2.77694168395083,0.0400517275336658,0.143826093641591,0.444569977711432,1.28502587789399,10.6332048025508,49.9205037504769,1196.47156701005,2873.40963656047,7039.11839525819,0.778718941316518,2.68680993050145,8.15789358951985,0.235569429732126,0.584361904888702,1.51687404080905,0.167815856672767,1.11679527188941,3.51427185494784,0.00294240937717502,0.0319131427217573,0.584508836619903,14.6543620786949,44.8263907563737,187.891105958386,0.204885897256793,1.41858163504154,6.01446025346322,328.189643321027,1002.25466137972,1682.74056128964,0.0209655036752927,0.242473825677175,0.843175552494189,0.00396423831814399,0.0708812914897286,0.527192160415953,0.00178930798090021,0.0144346517677485,0.323427864048814,671.147533133647,1489.34847265471,3997.28727793979,3413.44167544554,9502.26002435569,22900.3600900471,43.8495153552295,143.614857696591,441.800630157876,6.57262389396185,16.7481568627071,47.0077405253975,0.28013691254098,4.47968366711471,40.4713598586331,4.22994943301085,13.2318886342085,69.9015011225092,0.778652134229104,1.87429813322179,5.47066010330096,0.092660013402542,0.400402148089294,1.49284170078603,2544.44591668334,9931.06505135402,40601.2070855967
"14",23,0,0.0211809777570439,0.838115194123078,4.33225281482648,0.152726672961637,0.659865408223918,1.89970661946719,0.106916237130374,0.629765863079423,1.81090856611209,7.66677581762635,20.3268037132402,54.1259496274615,30.5667360326608,86.5646487472513,292.318134860854,0.345281949124837,1.10867909428377,2.82284495484421,0.0390540887305025,0.145677538866936,0.460933402007657,1.20926200697328,10.6104929576123,50.7790416610071,1155.16819481332,2861.0845318118,7040.28778452273,0.761989532161418,2.6998081008203,8.36740577204808,0.228613654105423,0.581508239110563,1.54289820769817,0.153947813154004,1.09969633292149,3.57445554067447,0.00266497875853684,0.0312066574196628,0.596097819990125,14.5727969994557,45.3808249298825,195.262943252999,0.18968550540997,1.41867924776473,6.25954225683543,316.52309176809,991.33494323632,1699.35559157112,0.0191763909786871,0.243896018504098,0.845304504330945,0.00363210523751739,0.0724891923797541,0.553394204980217,0.00165521864135319,0.0144218545463915,0.319436454595817,667.776100391624,1504.971647396,3920.53650512562,3321.09382424811,9596.4873210022,23611.3975156202,43.3448498483317,146.038815612875,464.531064463009,6.4521422499047,16.8456954872042,48.949861102287,0.256537399069679,4.47963701723986,42.2789813539338,4.10778336501946,13.294137048732,73.0907907989305,0.778561612052619,1.89346862991203,5.48480553615954,0.0848001776194644,0.385700260983663,1.50056656250335,2492.18000216263,10024.0463661742,42778.2381715369
"15",24,0,0.0205251506964602,0.842552396297763,4.3719085739214,0.14544961103268,0.662523933385372,1.96492685148714,0.102062138872063,0.633912709836516,1.85346872442449,7.43360380835567,20.3412191874893,54.9184136206743,29.2313012988229,85.423310037739,292.051476711754,0.329049234353795,1.09901373857425,2.86950701382842,0.0380812998712209,0.147552817385223,0.477899119909215,1.13796509989791,10.587829623721,51.6523447940099,1115.29065554222,2848.81229394475,7041.45736805468,0.745619524987994,2.71286915330647,8.58229867622289,0.22186326512258,0.578668508888977,1.56936885678954,0.141225803358463,1.08285919100912,3.63566990250617,0.00241370620911738,0.0305158121153718,0.607916576679656,14.4916859053244,45.9421166095961,202.924011827725,0.175612823744232,1.41877686720465,6.51461105633658,305.271265139924,980.534197095675,1716.13467520557,0.0175399540436911,0.245326552983697,0.84743883160335,0.00332779903670819,0.0741335675667036,0.580898520691317,0.00153117785195632,0.0144090686705713,0.315494302956362,664.421603655728,1520.7587082885,3845.25940200742,3231.24436805245,9691.64900414315,24344.512070923,42.8459925532645,148.503685535577,488.430968905644,6.33386913425094,16.9438021612693,50.9722202163413,0.234925974319106,4.4795903678508,44.1673388433223,3.9891456011851,13.356678306191,76.4255933538565,0.778471100399787,1.91283520423626,5.49898754472689,0.0776070481778653,0.371538194869248,1.50833139730591,2440.98769105505,10117.8982346419,45072.0013619969
"16",25,0,0.019889630022972,0.847013090187283,4.41192732642798,0.13851928375911,0.665193169452332,2.03238620749662,0.0974284212643777,0.638086862516389,1.89702913592994,7.20752333106671,20.3556448849835,55.7224801665419,27.9542105741862,84.2970196657258,291.785061813276,0.313579667003306,1.08943264448875,2.91694040378669,0.0371327419745736,0.14945223599778,0.495489300222612,1.07087178884161,10.5652146972605,52.5406670832858,1076.78972804546,2836.59269619392,7042.6271458863,0.729601198675721,2.72599339216949,8.80271049050231,0.215312198230092,0.575842646171218,1.59629364813074,0.129555120827155,1.06627983785106,3.69793259129336,0.00218612536601621,0.029840260574461,0.61996966237527,14.4110262694542,46.510350612421,210.885659563704,0.16258418795241,1.41887449336178,6.7800736018673,294.419420711361,969.851126739577,1733.07943202167,0.0160431641280532,0.246765478042649,0.849578547883955,0.00304898831518587,0.075815244448798,0.609769831893023,0.00141643258222665,0.0143962941302296,0.311600801241876,661.083957849875,1536.71137448795,3771.4276730737,3143.82571484096,9787.75433943881,25100.3892327527,42.352876623128,151.010157985049,513.560512173462,6.2177640628443,17.0424801931333,53.0781329155151,0.215135156160177,4.47954371894754,46.1400383365515,3.87393423980601,13.419513784243,79.912547882496,0.778380599269383,1.93239986169487,5.51320622357647,0.071024072071036,0.357896128705358,1.51613641203852,2390.84693028263,10212.6288074666,47488.7558162115
"17",26,0,0.0192737869894877,0.851497400162951,4.45231239504687,0.131919170061073,0.667873159577859,2.10216156051626,0.0930050788174042,0.642288500921543,1.94161330868128,6.98831870881776,20.3700808129731,56.5383191393162,26.7329148585462,83.1855792216951,291.518889943524,0.298837369280055,1.07993507744268,2.96515787493804,0.0362078114773672,0.151376105455327,0.513726927728456,1.00773423388794,10.5426480748356,53.4442668298151,1039.61789033417,2824.42551276659,7043.79711804986,0.713926997978789,2.73918112309054,9.02878295231997,0.208954567945535,0.573030583236888,1.62368037318857,0.118848885496766,1.04995432651603,3.76126156016619,0.00198000241201149,0.0291796642273593,0.63226172308877,14.3308155790621,47.0856128043193,219.159679571948,0.150522140744365,1.41897212623657,7.05635342604601,283.953339834594,959.284450072318,1750.19149784195,0.0146741043105657,0.248212842894605,0.851723666779582,0.00279353700256365,0.077535069193306,0.640076079801943,0.00131028623319617,0.0143835309153167,0.307755349065713,657.763078325346,1552.83138318393,3699.01356610705,3058.77210124233,9884.81268443059,25879.7357613995,41.8654359803652,153.558935136369,539.98295860478,6.10378729363662,17.141732910294,55.2710512086716,0.19701157162467,4.47949707053006,48.2008469029668,3.76205032222512,13.4826448670262,83.5585963919765,0.778290108660185,1.95216462830069,5.52746166752628,0.0649994933706352,0.344754969236365,1.52398181461631,2341.73611976356,10308.2463116696,50035.0963086642
"18",27,0,0.0186770123168253,0.856005451254537,4.49306713289344,0.125633536048786,0.670563947088871,2.17433242275116,0.0887825602999298,0.646517806038433,1.98724530321999,6.77578082411626,20.3845269787133,57.3661029003969,25.5649765153522,82.0887929121228,291.252960880802,0.284788150110774,1.07052030925549,3.01417238826454,0.0353059198504186,0.153324740508817,0.532635833215263,0.948319207519912,10.5201296532719,54.3634067768644,1003.72926092515,2812.31051883857,7044.96728457768,0.698589529962578,2.75243265322965,9.2606614392304,0.202784662570051,0.570232252696294,1.65153695710368,0.10902739693839,1.03387877050313,3.82567506971126,0.00179331414955196,0.0285336919996654,0.644797496947855,14.2510513353515,47.6679901132844,227.758327661771,0.139354971351202,1.41906976582949,7.34389131993465,273.859309309174,948.83289896682,1767.47252464073,0.0134218746126793,0.249668697041867,0.853874201931408,0.00255948799338595,0.0792939071623091,0.671888582389724,0.00121209440847831,0.0143707790157918,0.303957353450574,654.458880858649,1569.12048978904,3627.98986175245,2976.0195430591,9982.83348945209,26683.2803614818,41.3836053079081,156.150731016056,567.764827458319,5.99189981308443,17.241563659628,57.5545697241102,0.180414768310224,4.47945042259836,50.3536998651071,3.65339774783139,13.5460729451908,87.3709976218462,0.77819962857097,1.9721315507888,5.54175397163948,0.0594859463170966,0.332096324269036,1.53186781403033,2293.63410310715,10404.7590512995,52717.9712247307
"19",28,0,0.0180987155909268,0.86053736915375,4.53419492377619,0.119647397514815,0.673265575486847,2.24898103619869,0.0847517481156699,0.650774960045263,2.03394974556088,6.5697069194242,20.3989833894647,58.2060063347459,24.4480644063238,81.0064675249859,290.987274403616,0.271399425844596,1.06118761809485,3.06399711899529,0.0344264932240753,0.155298459960934,0.552240724618731,0.89240723308721,10.4976593296156,55.2983541863858,969.07954220903,2800.24749055001,7046.13764550202,0.683581560516689,2.7657482912328,9.49849506239516,0.196796939056953,0.56744758748883,1.67987146098396,0.10001754104362,1.01804934281658,3.891191693237,0.001624228142084,0.027902020146222,0.657581816022486,14.1717310534334,48.2575705424767,236.694340494585,0.129016289193463,1.41916741214099,7.64314603629942,264.124103414263,938.495219112444,1784.92418070355,0.0122765052166607,0.251133090277089,0.856030167015053,0.00234504815303143,0.0810926433481241,0.705282202211585,0.0011212610022473,0.0143580384216232,0.300206228737066,651.171281649377,1585.58046813005,3558.32986328594,2895.5057871335,10081.8262985493,27511.7743632996,40.9073200404249,158.786271702101,596.976060377327,5.88206332279485,17.3419758075035,59.9324316018753,0.165216125915906,4.47940377515244,52.6027083136006,3.54788319151589,13.6097994159288,91.3573414951434,0.778109159000515,1.99230269682848,5.55608323122504,0.0544400829259252,0.31990247693106,1.53979462035304,2246.52015849989,10502.1754081528,55544.7015212458
"20",29,0,0.0175383246787372,0.865093280217744,4.57569918247765,0.113946484213491,0.675978088448529,2.32619246636703,0.0809039386158324,0.655060146319834,2.08175184048188,6.3699004037309,20.4134500524928,59.0582068878352,23.3799492386322,79.9384123957256,290.721830290677,0.258640144683428,1.05193628842127,3.11464546014795,0.0335689720230658,0.157297586718244,0.572567219307171,0.839791774068489,10.4752370011324,56.2493809167297,935.625965773347,2788.23620500128,7047.30820085518,0.668896010942882,2.77912834723914,9.74243676246986,0.190986018031849,0.564676520881377,1.70869208423729,0.0917522457411788,1.00246227505464,3.9578303221291,0.00147108472779114,0.027284332088862,0.670619608187467,14.0928522622501,48.8544431835214,245.980954449949,0.119444629178691,1.41926506517155,7.95459502152864,254.734966579614,928.270169864457,1802.54815078828,0.0112288770893691,0.252606072684974,0.858191575740667,0.00214857457985616,0.0829321828186044,0.740335522576117,0.00103723458038138,0.0143453091227879,0.296501396493395,647.900197318086,1602.21311064104,3490.00738657976,2817.17026451567,10181.8007504099,28365.9924253436,40.4365163556683,161.46629552737,627.690197469649,5.77424022641629,17.4429727398939,62.4085346295062,0.151297859473035,4.47935712819228,54.9521669577093,3.44541602351201,13.6738256830056,95.5255642288028,0.778018699947596,2.01268015523733,5.57044954183837,0.0498222321820879,0.308156360874751,1.54776244474396,2200.3739897787,10600.5038425022,58523.0007037328
"21",30,0,0.0169952851621694,0.86967331147264,4.61758335503799,0.10851720584234,0.678701529826626,2.40605469921121,0.0772308233055098,0.659373549447442,2.13067738512616,6.17617066500849,20.4279269750685,59.9228846031354,22.3584991153585,78.8844393736599,290.456628320893,0.246480714665067,1.0427656109333,3.1661310261288,0.0327328106104435,0.159322447844025,0.593641877555269,0.790278471134018,10.4528625653079,57.2167635016942,903.327239613201,2776.27644024884,7048.47895066947,0.654525954616322,2.79257313288819,9.99264340795374,0.185346678959806,0.561918986466698,1.73800716694422,0.0841699816922931,0.987113856512544,4.02561017129785,0.00133238072920202,0.0266803182577483,0.68391589902196,14.0144125044971,49.4586982299716,255.631925231824,0.110583086281773,1.41936272492162,8.27873517737526,245.679596672557,918.156524095137,1820.34613628773,0.0102706493796818,0.254087694643989,0.860358441853017,0.00196856201832638,0.0848134511725412,0.777131032470919,0.000959505032800256,0.014332591109272,0.292842285426168,644.645544904178,1619.02022855865,3422.99675026012,2740.95404489875,10282.7665793018,29246.7332586158,39.9711311659235,164.191553286449,659.984562447038,5.66839361676946,17.544557862492,64.9869376312843,0.138552106546632,4.47931048171789,57.4065623265103,3.34590823155069,13.7381531567902,99.8839641334816,0.777928251410991,2.03326603619757,5.58485299928194,0.0455960881430581,0.296841536391211,1.55577149945526,2155.17571768759,10699.752893831,61660.9958748103
"22",31,0,0.0164690597895953,0.874277590617072,4.65985091904105,0.103346619644404,0.681435943650527,2.48865874139707,0.0737244709033194,0.663715355228829,2.18075278292403,5.98833288837131,20.4424141644675,60.8002221601533,21.3816752803494,77.8443627888383,290.191668273379,0.23489293503204,1.03367488251307,3.21846765639233,0.0319174769404008,0.16137337461178,0.615492237249936,0.743684424190355,10.4305359198463,58.2007832309337,872.143497164206,2764.36797530116,7049.64989497718,0.640464613718543,2.80608296132713,10.2492758960652,0.179873855455224,0.559174918161849,1.76782519227143,0.077214304247829,0.97200043329905,4.09455078471857,0.00120675469876876,0.0260896759362243,0.697475813746655,13.9364093365473,50.0704269909372,265.661548244076,0.102378977235619,1.41946039139167,8.6160836537395,236.946128879115,908.153068046514,1838.31985539391,0.00939419301153703,0.255578006828088,0.862530779131575,0.00180363132670807,0.0867373950053963,0.815755320679245,0.000887600476673758,0.0143198843710704,0.289228331292301,641.4072418638,1636.00365211927,3357.27276605394,2666.79979228675,10384.7336160205,30154.820373441,39.5111021095539,166.96280844597,693.940457289793,5.56448726321424,17.6467346008248,67.6718671214512,0.126880091333549,4.47926383572926,59.9705813363778,3.24927434526387,13.8027832542866,104.44121813426,0.777837813389478,2.05406247147455,5.59929369960596,0.0417284244983502,0.285942167401531,1.56382199783745,2110.90587131389,10799.931181575,64967.2499112109
"23",32,0,0.0159591279443199,0.878906246025739,4.70250538390315,0.098422399554246,0.68418137412701,2.5740987240076,0.0703773102155526,0.668085750688191,2.23200505784187,5.8062078797656,20.4569116279711,61.6904049130267,20.4475280489763,76.8179994193336,289.926949927447,0.223849930827006,1.02466340617245,3.27166941916135,0.0311224522197305,0.163450702559429,0.638146849873578,0.699837516754963,10.4082569626706,59.2017262317509,842.036248094889,2752.51059011461,7050.82103381063,0.62670535604061,2.81965814721806,10.5124992562077,0.174562630730184,0.556444250206592,1.79815478892662,0.0708334332573844,0.957118407466643,4.1646720410671,0.00109297355559371,0.0255121091091005,0.711304579199347,13.8588403283747,50.6897219048826,276.084679765395,0.0947835273208407,1.41955806458215,8.96717867375648,228.523120158108,898.258601184691,1856.4710432639,0.00859252994388022,0.257077060208448,0.864708601390603,0.00165251891096041,0.0887049823855992,0.856299279544469,0.000821084391701664,0.0143071888981866,0.285658976812006,638.185206067744,1653.16523075833,3292.81072932101,2594.65172186182,10487.7117888471,31091.1028494651,39.0563675426454,169.780837358499,729.6433669268,5.46248559924819,17.7495064003691,70.467724232305,0.11619135917931,4.47921719022639,62.6491202411236,3.15543136277138,13.8677173991652,109.206399045106,0.777747385881833,2.07507161463753,5.61377173910899,0.0381888333413886,0.275442999292824,1.57191415434503,2067.54537970038,10901.0474058709,68450.7848299283
"24",33,0,0.0154649851295142,0.883559406752994,4.74555029116444,0.0937328068140655,0.686937865640955,2.66247200980955,0.0671821137878538,0.672484924081228,2.28446186896612,5.62962189502145,20.4714193728654,62.5936209296838,19.5541929166759,75.8051684589659,289.662473062613,0.213326090563007,1.01573049099957,3.32575061520854,0.0303472305777201,0.165554771544207,0.661635317811823,0.658575780165042,10.3860255919215,60.2198835522948,812.968330797774,2740.70406558942,7051.99236720213,0.613241691854953,2.83329900674533,10.7824827560935,0.169408233177213,0.553726917161825,1.8290047336554,0.0649798676023089,0.942464236154963,4.23599415945164,0.000989920482137748,0.0249473283142989,0.725407525849689,13.7817030634786,51.3166765535953,286.916758955011,0.0877515803923752,1.41965574449354,9.33258039250511,220.399534247888,888.471936055774,1874.80145218735,0.00785927761392656,0.258584906055205,0.866891922479247,0.00151406704388195,0.090717203341649,0.898858318861877,0.000759552970073368,0.0142945046806334,0.282133671582867,634.979355799376,1670.50683331178,3229.58640976787,2524.45555801837,10591.7111245144,32056.4561295613,38.6068665307455,172.646429480018,767.183174446265,5.36235371033232,17.8528767266675,73.3790919285293,0.106403075581375,4.47917054520927,65.44729398189,3.06429867938796,13.9329570217936,114.188993631498,0.777656968886836,2.09629564128266,5.62828721433857,0.0349494860999128,0.265329337568071,1.58004818454221,2025.07556362979,11003.1103483119,72121.1064072543
"25",34,0,0.0149861424690952,0.888237202536436,4.78898921478294,0.0892666619898916,0.689705462756066,2.75387930420277,0.0641319822991291,0.676913064903253,2.33815152542987,5.45840647410377,20.4859374064419,63.5100610315757,18.6998868375056,74.8056914854506,289.398237458593,0.203297006824029,1.00687545210588,3.38072578170053,0.0295913187442685,0.167685925798264,0.685988333034435,0.619746795271988,10.3638417059576,61.2555512461902,784.90386652053,2728.94818356562,7053.16389518402,0.600067270854401,2.84700585762295,11.0594000105921,0.164406032082457,0.55102285390801,1.86038395378119,0.0596100315831212,0.928034430747393,4.30853770524288,0.00089658396211015,0.0243950504977815,0.739790089853889,13.7049951388082,51.9513856763271,298.173830721795,0.0812413304190924,1.41975343112629,9.71287179070835,212.56472720606,878.791898143363,1893.31285175567,0.00718859812141355,0.260101595939217,0.869080756281617,0.00138721499534135,0.0927750703602656,0.943532590401112,0.000702632665019524,0.0142818317084322,0.278651871994954,631.789609752548,1688.03034821949,3167.57604233999,2456.15849353257,10696.7417491833,33051.7828383874,38.1625388406984,175.560387591095,806.654387378944,5.2640573219401,17.9568490654455,76.4107425195819,0.097439384246328,4.47912390067789,68.3704459546472,2.97579801838938,13.9985035592689,119.398921497162,0.777566562403263,2.11773674925832,5.6428402220919,0.0319849147453318,0.255587027279896,1.58822430510869,1983.47812757793,11106.1288727106,75988.2301178864
"26",35,0,0.0145221262240602,0.892939763800529,4.8328257614313,0.0850133183211344,0.692484210215589,2.84842476997864,0.0612203296639857,0.681370363897362,2.39310300169039,5.29239828040431,20.5004657359971,64.4399188339918,17.8829046652855,73.8193924289678,289.134242895305,0.193739419658104,0.998097610573591,3.43660969610555,0.0288542357360202,0.169844513984984,0.711237717199978,0.583207129411356,10.3417052033543,62.3090304586226,757.808215080553,2717.24272681898,7054.3356177886,0.587175879156986,2.86077901910193,11.343429093375,0.159551533465456,0.54833199564361,1.8923015297885,0.0546839505289243,0.913825556040547,4.38232359600388,0.000812047851941787,0.0238549988716912,0.754457815150141,13.6287141646882,52.5939451841098,309.872569490619,0.075214072940362,1.41985112448086,10.1086596048507,205.008433463238,869.21732572759,1912.00702903285,0.0065751517492678,0.261627181733819,0.871275116716881,0.00127099090563782,0.0948796188958417,0.990427223587652,0.000649977923073294,0.0142691699716132,0.275213041147009,628.615887029551,1705.73768373098,3106.7563182889,2389.70914983653,10802.8138894287,34078.0136263576,37.7233249325736,178.523528021776,848.156375623533,5.16756278782549,18.0614269227288,79.5676454824569,0.0892308192261074,4.47907725663225,71.4241582139488,2.88985336377813,14.0643584554484,124.846554832523,0.777476166429892,2.13939715889266,5.65743085941647,0.0292718115608772,0.24620243321949,1.59644273384537,1942.73515183222,11210.1119258681,80062.7084648834
"27",36,0,0.0140724773237972,0.897667221660237,4.87706357079625,0.080962636339969,0.695274152943036,2.94621614601831,0.0584408688115349,0.685857013062642,2.44934595316556,5.13143894492127,20.5150043688329,65.383390786964,17.1016157502238,72.8460975411453,288.870489152867,0.18463116263167,0.989396293403683,3.49341738016563,0.028135512550318,0.172030889256026,0.737416463236617,0.548821806568539,10.3196159829039,63.3806275139026,731.647932108324,2705.58747905707,7055.50753504822,0.574561436375081,2.87461881197776,11.6347526514268,0.154840376041744,0.545654277883543,1.9247666979507,0.0501649532139581,0.899834229426471,4.4573731075216,0.000735482388388136,0.0233269027756322,0.769416355595604,13.5528577647437,53.2444521742487,322.03030390118,0.069633974961944,1.41994882455772,10.5205752951968,197.720752372564,859.747069745705,1930.88578872794,0.00601405445063304,0.263161715616602,0.873475017739351,0.00116450433973037,0.0970319078914509,1.03965257289791,0.000601269086274167,0.0142565194602156,0.271816648763648,625.458107139051,1723.63076811319,3047.10437641074,2325.05753836717,10909.9378732354,35136.1080398188,37.2891659516877,181.536680880275,891.793621613201,5.07283707850599,18.1666138249617,82.8549756076443,0.0817137665775255,4.47903061307235,74.6142621324302,2.80639089499085,14.1305231609825,130.542739064193,0.777385780965502,2.16127911322357,5.6720592236107,0.0267888458943152,0.237162420832949,1.60470368968019,1902.82908477209,11315.0685383521,84355.6597750539
"28",37,0,0.0136367509119073,0.902419707924684,4.9217063158808,0.0771049597000439,0.698075336042909,3.04736487006609,0.0557875981098513,0.690373205662445,2.50691073223796,4.97537491517799,20.5295533122561,66.340676216771,16.3544606842332,71.8856353644504,288.606976011597,0.175951111420067,0.98077083346426,3.55116410393451,0.0274346918667784,0.174245409309103,0.764558778453402,0.516463808782941,10.2975739436147,64.4706540045379,706.390727766768,2693.98222491518,7056.6796469952,0.562217992747511,2.88852555859786,11.9335580224981,0.150268327304667,0.542989636457631,1.95778885300279,0.0460193988659895,0.886057120087375,4.53370787994158,0.000666136043997434,0.0228104975410221,0.784671477145756,13.4774235758269,53.9030049449948,334.665042475874,0.0644678619231985,1.42004653135733,10.9492760532557,190.692135237367,850.379993654175,1949.95095336937,0.00550083896378616,0.264705250071199,0.875680473338575,0.00106693946529094,0.0992330203116746,1.09132447755015,0.000556210451578992,0.0142438801642874,0.268462171113592,622.316189994058,1741.71154986045,2988.59779445311,2262.15502296076,11018.1241310037,36227.0554182467,36.8600037207177,184.600690285522,937.67598335309,4.97984776995693,18.2724133191259,86.2781214816381,0.0748299713730825,4.47898396999818,77.9468495364042,2.72533892349155,14.1969991333455,136.498814446602,0.777295406008872,2.18338487823094,5.68672541222458,0.0245164964545113,0.228454337838333,1.61300739267397,1863.7427353079,11421.0078252801,88878.7985383452
"29",38,0,0.0132145159060898,0.907197355100824,4.96675770330921,0.0734310921568944,0.700887804801434,3.15198620571785,0.0532547884067731,0.694919136232715,2.56582840463496,4.82405730873647,20.5441125735789,67.3119773680492,15.6399481884412,70.9378367019861,288.343703252015,0.167679134814951,0.972220569439418,3.60986538988224,0.026751327756301,0.176488436446499,0.792700129238357,0.486013606948891,10.2755789847107,65.5794268818357,682.005426895658,2682.42674995239,7057.85195366191,0.550139726333275,2.90249958286908,12.2400373555741,0.145831279722899,0.540338007509062,1.99137755086001,0.0422164267343077,0.872490948202684,4.61134992400786,0.000603328150501379,0.0223055243584465,0.80022906007695,13.4024092479428,54.5697030103988,347.795500294741,0.0596850204691024,1.42014424488016,11.3954458502981,183.913372799973,841.11497329228,1969.20436348079,0.00503141924535168,0.266257837889074,0.87789149753942,0.000977548802316091,0.101484063687516,1.14556453410236,0.000514528475699213,0.0142312520738854,0.265149090928908,619.190055909886,1759.98199790669,2931.21458068689,2200.95428326491,11127.3831965648,37351.875819297,36.4357807319053,187.716414603645,985.918970990955,4.88856303251289,18.3788289728603,89.8426943198994,0.0685260862425652,4.47893732740973,81.4282843388209,2.6466278311961,14.2637878368687,142.726638638751,0.777205041558778,2.2057167430713,5.70142952306035,0.0224368978333484,0.220065996517692,1.62135406402624,1825.45926547523,11527.9389871116,93644.4673740295
"30",39,0,0.012805354571654,0.912000296397137,5.01222147363472,0.0699322756451846,0.703711604687287,3.26019937376916,0.0508369706590642,0.699495000590363,2.62613076619381,4.67734177116604,20.5586821601185,68.2974994465215,14.9566521366825,70.0025345876851,288.080670654839,0.159796048034987,0.963744845778544,3.66953701706767,0.0260849853973255,0.178760337634345,0.821877287401789,0.457358719280066,10.2536310056312,66.7072685480641,658.461930531885,2670.9208406476,7059.02445508068,0.538320940265552,2.91654121026528,12.5543877344375,0.141525247050234,0.537699327492866,2.02554251138315,0.0387277263530341,0.859132484168235,4.69032162740959,0.000546442217723347,0.0218117301479499,0.816095101253041,13.3278124441764,55.2446471153486,361.44112671699,0.0552570158545198,1.42024196512666,11.8597965285992,177.37558317525,831.950896747205,1988.64787775882,0.00460205793864416,0.267819532171334,0.880108104402167,0.000895647496410725,0.103786170673677,1.20250038259849,0.000475970114466212,0.0142186351790751,0.261876897325244,616.079625602137,1778.44410183983,2874.93316563987,2141.40927914037,11237.7257082067,38511.6209725806,36.016440139351,190.884726688431,1036.64403761724,4.79895161997256,18.4858643745809,93.5545371647517,0.0627532579467569,4.478890685307,85.0652146918028,2.570190010675,14.330890742772,149.238610311049,0.777114687614001,2.22827702031491,5.71617165417313,0.0205337000463409,0.2119856566593,1.62974392608115,1787.96218318129,11635.871310447,98665.6707109099
"31",40,0,0.0124088621082376,0.916828665727347,5.05810140165014,0.0666001694005161,0.706546781352334,3.37212768807284,0.0485289241232225,0.704100995841705,2.68785036002081,4.53508833833173,20.5732620791975,69.2974506623498,14.3032087090324,69.0795642568959,287.817878000989,0.15228356823155,0.955343012646047,3.73019502537993,0.0254352407991569,0.181061484562655,0.852128378225371,0.430393295806427,10.2317299060304,67.8545069501983,635.73117875807,2659.46428439557,7060.19715128387,0.526756060064698,2.93065076783487,12.876811304405,0.137346360744339,0.535073533174382,2.06029362119127,0.0355273267895179,0.845978547827428,4.77064576123645,0.000494919882425953,0.0213288674321988,0.832275716436951,13.2536308406199,55.9279392507928,375.622134190166,0.0511575228951675,1.4203396920973,12.3430689371486,171.070200213112,822.886664220593,2008.28337325246,0.00420933661813297,0.269390386330541,0.882330308022597,0.000820608071869348,0.106140499618469,1.26226600693655,0.000440301286643298,0.0142060294699309,0.258645085723051,612.98482018469,1797.09987211844,2819.73239398914,2083.47521602589,11349.1624097099,39707.375263051,35.6019257513964,194.106514125854,1089.97888502668,4.71098285890345,18.5935231336025,97.4197344632876,0.0574667487793302,4.47884404368999,88.8645856819642,2.49595980708332,14.3983093291966,156.047693829218,0.777024344173318,2.2510680461852,5.73095190387159,0.0187919399876403,0.204202009126213,1.63817720233341,1751.23533510026,11744.8141688342,103956.110273456
